{"v":"5.1.20","fr":60,"ip":0,"op":60,"w":20,"h":20,"nm":"render x1 - inline - lottie","ddd":0,"assets":[{"id":"comp_0","layers":[{"ddd":0,"ind":1,"ty":0,"nm":"o single - inline","refId":"comp_1","sr":1,"ks":{"o":{"a":0,"k":100,"ix":11},"r":{"a":0,"k":0,"ix":10},"p":{"a":0,"k":[55,56,0],"ix":2},"a":{"a":0,"k":[14,54.857,0],"ix":1},"s":{"a":0,"k":[100,100,100],"ix":6}},"ao":0,"w":32,"h":64,"ip":0,"op":61,"st":0,"bm":0},{"ddd":0,"ind":2,"ty":0,"nm":"o single - inline","refId":"comp_1","sr":1,"ks":{"o":{"a":0,"k":100,"ix":11},"r":{"a":0,"k":60,"ix":10},"p":{"a":0,"k":[55,56,0],"ix":2},"a":{"a":0,"k":[14,54.857,0],"ix":1},"s":{"a":0,"k":[100,100,100],"ix":6}},"ao":0,"w":32,"h":64,"ip":10,"op":61,"st":10,"bm":0},{"ddd":0,"ind":3,"ty":0,"nm":"o single - inline","refId":"comp_1","sr":1,"ks":{"o":{"a":0,"k":100,"ix":11},"r":{"a":0,"k":60,"ix":10},"p":{"a":0,"k":[55,56,0],"ix":2},"a":{"a":0,"k":[14,54.857,0],"ix":1},"s":{"a":0,"k":[100,100,100],"ix":6}},"ao":0,"w":32,"h":64,"ip":-110,"op":10,"st":-110,"bm":0},{"ddd":0,"ind":4,"ty":0,"nm":"o single - inline","refId":"comp_1","sr":1,"ks":{"o":{"a":0,"k":100,"ix":11},"r":{"a":0,"k":120,"ix":10},"p":{"a":0,"k":[55,56,0],"ix":2},"a":{"a":0,"k":[14,54.857,0],"ix":1},"s":{"a":0,"k":[100,100,100],"ix":6}},"ao":0,"w":32,"h":64,"ip":20,"op":61,"st":20,"bm":0},{"ddd":0,"ind":5,"ty":0,"nm":"o single - inline","refId":"comp_1","sr":1,"ks":{"o":{"a":0,"k":100,"ix":11},"r":{"a":0,"k":120,"ix":10},"p":{"a":0,"k":[55,56,0],"ix":2},"a":{"a":0,"k":[14,54.857,0],"ix":1},"s":{"a":0,"k":[100,100,100],"ix":6}},"ao":0,"w":32,"h":64,"ip":-100,"op":20,"st":-100,"bm":0},{"ddd":0,"ind":6,"ty":0,"nm":"o single - inline","refId":"comp_1","sr":1,"ks":{"o":{"a":0,"k":100,"ix":11},"r":{"a":0,"k":180,"ix":10},"p":{"a":0,"k":[55,56,0],"ix":2},"a":{"a":0,"k":[14,54.857,0],"ix":1},"s":{"a":0,"k":[100,100,100],"ix":6}},"ao":0,"w":32,"h":64,"ip":30,"op":61,"st":30,"bm":0},{"ddd":0,"ind":7,"ty":0,"nm":"o single - inline","refId":"comp_1","sr":1,"ks":{"o":{"a":0,"k":100,"ix":11},"r":{"a":0,"k":180,"ix":10},"p":{"a":0,"k":[55,56,0],"ix":2},"a":{"a":0,"k":[14,54.857,0],"ix":1},"s":{"a":0,"k":[100,100,100],"ix":6}},"ao":0,"w":32,"h":64,"ip":-90,"op":30,"st":-90,"bm":0},{"ddd":0,"ind":8,"ty":0,"nm":"o single - inline","refId":"comp_1","sr":1,"ks":{"o":{"a":0,"k":100,"ix":11},"r":{"a":0,"k":240,"ix":10},"p":{"a":0,"k":[55,56,0],"ix":2},"a":{"a":0,"k":[14,54.857,0],"ix":1},"s":{"a":0,"k":[100,100,100],"ix":6}},"ao":0,"w":32,"h":64,"ip":40,"op":61,"st":40,"bm":0},{"ddd":0,"ind":9,"ty":0,"nm":"o single - inline","refId":"comp_1","sr":1,"ks":{"o":{"a":0,"k":100,"ix":11},"r":{"a":0,"k":240,"ix":10},"p":{"a":0,"k":[55,56,0],"ix":2},"a":{"a":0,"k":[14,54.857,0],"ix":1},"s":{"a":0,"k":[100,100,100],"ix":6}},"ao":0,"w":32,"h":64,"ip":0,"op":40,"st":-20,"bm":0},{"ddd":0,"ind":10,"ty":0,"nm":"o single - inline","refId":"comp_1","sr":1,"ks":{"o":{"a":0,"k":100,"ix":11},"r":{"a":0,"k":300,"ix":10},"p":{"a":0,"k":[55,56,0],"ix":2},"a":{"a":0,"k":[14,54.857,0],"ix":1},"s":{"a":0,"k":[100,100,100],"ix":6}},"ao":0,"w":32,"h":64,"ip":50,"op":61,"st":50,"bm":0},{"ddd":0,"ind":11,"ty":0,"nm":"o single - inline","refId":"comp_1","sr":1,"ks":{"o":{"a":0,"k":100,"ix":11},"r":{"a":0,"k":300,"ix":10},"p":{"a":0,"k":[55,56,0],"ix":2},"a":{"a":0,"k":[14,54.857,0],"ix":1},"s":{"a":0,"k":[100,100,100],"ix":6}},"ao":0,"w":32,"h":64,"ip":0,"op":50,"st":-10,"bm":0}]},{"id":"comp_1","layers":[{"ddd":0,"ind":3,"ty":4,"nm":"adadad","sr":1,"ks":{"o":{"a":0,"k":100,"ix":11},"r":{"a":0,"k":0,"ix":10},"p":{"a":1,"k":[{"i":{"x":0.667,"y":1},"o":{"x":0.167,"y":0.167},"n":"0p667_1_0p167_0p167","t":0,"s":[16,56,0],"e":[16,44,0],"to":[0,-2,0],"ti":[0,0,0]},{"i":{"x":0.667,"y":1},"o":{"x":0.333,"y":0},"n":"0p667_1_0p333_0","t":9,"s":[16,44,0],"e":[16,61,0],"to":[0,0,0],"ti":[0,1.63823616504669,0]},{"i":{"x":0.667,"y":1},"o":{"x":0.333,"y":0},"n":"0p667_1_0p333_0","t":18,"s":[16,61,0],"e":[16,56,0],"to":[0,0,0],"ti":[0,1.63823616504669,0]},{"t":22}],"ix":2},"a":{"a":0,"k":[0,32,0],"ix":1},"s":{"a":0,"k":[100,100,100],"ix":6}},"ao":0,"shapes":[{"ty":"gr","it":[{"d":1,"ty":"el","s":{"a":0,"k":[20,20],"ix":2},"p":{"a":0,"k":[0,0],"ix":3},"nm":"Ellipse Path 1","mn":"ADBE Vector Shape - Ellipse","hd":false},{"ty":"fl","c":{"a":0,"k":[0,0,0,1],"ix":4},"o":{"a":0,"k":100,"ix":5},"r":1,"nm":"Fill 1","mn":"ADBE Vector Graphic - Fill","hd":false},{"ty":"tr","p":{"a":0,"k":[0,0],"ix":2},"a":{"a":0,"k":[0,0],"ix":1},"s":{"a":0,"k":[100,100],"ix":3},"r":{"a":0,"k":0,"ix":6},"o":{"a":0,"k":100,"ix":7},"sk":{"a":0,"k":0,"ix":4},"sa":{"a":0,"k":0,"ix":5},"nm":"Transform"}],"nm":"Ellipse 1","np":2,"cix":2,"ix":1,"mn":"ADBE Vector Group","hd":false}],"ip":0,"op":120,"st":0,"bm":0}]}],"layers":[{"ddd":0,"ind":1,"ty":0,"nm":"built at x2 - inline","refId":"comp_0","sr":1,"ks":{"o":{"a":0,"k":100,"ix":11},"r":{"a":0,"k":0,"ix":10},"p":{"a":0,"k":[10,10,0],"ix":2},"a":{"a":0,"k":[56,56,0],"ix":1},"s":{"a":0,"k":[18,18,100],"ix":6}},"ao":0,"w":112,"h":112,"ip":0,"op":60,"st":0,"bm":0}],"markers":[]}